block	fragment	start	stop(gaps)/change
r395x1034	Lmo926&chr&c_1749_743	18	-
.	.	124	-
.	.	192	-
.	.	425	T
.	.	605	626
.	.	723	-
.	.	749	-
.	Lmo019&chr&c_1947_941	18	-
.	.	124	-
.	.	192	-
.	.	605	626
.	.	723	-
.	.	749	-
.	Lmo1776&chr&c_2602_1596	18	-
.	.	124	-
.	.	192	-
.	.	605	626
.	.	723	-
.	.	749	-
.	Lmo122&chr&c_5011_6017	18	-
.	.	124	-
.	.	192	-
.	.	605	626
.	.	723	-
.	.	749	-
.	Lmo502&chr&c_55933_56939	18	-
.	.	124	-
.	.	192	-
.	.	605	626
.	.	723	-
.	.	749	-
.	Lmo926&chr&c_104591_103585	18	-
.	.	124	-
.	.	192	-
.	.	605	626
.	.	723	-
.	.	749	-
.	Lmo926&chr&c_110610_109604	18	-
.	.	124	-
.	.	192	-
.	.	605	626
.	.	723	-
.	.	749	-
.	Lmo047&chr&c_115656_114650	18	-
.	.	124	-
.	.	192	-
.	.	605	626
.	.	723	-
.	.	749	-
.	Lmo60&chr&c_188900_187894	18	-
.	.	124	-
.	.	192	-
.	.	605	626
.	.	723	-
.	.	749	-
.	Lmo1033&chr&c_216955_217961	18	-
.	.	124	-
.	.	192	-
.	.	605	626
.	.	723	-
.	.	749	-
.	Lmo047&chr&c_220334_219328	18	-
.	.	124	-
.	.	192	-
.	.	605	626
.	.	723	-
.	.	749	-
.	Lmo658&chr&c_222573_221567	18	-
.	.	124	-
.	.	192	-
.	.	605	626
.	.	723	-
.	.	749	-
.	Lmo376&chr&c_227014_226008	18	-
.	.	124	-
.	.	192	-
.	.	433	G
.	.	605	626
.	.	723	-
.	.	749	-
.	Lmo658&chr&c_228675_227669	18	-
.	.	124	-
.	.	192	-
.	.	605	626
.	.	723	-
.	.	749	-
.	Lmo531&chr&c_228853_227847	18	-
.	.	124	-
.	.	192	-
.	.	605	626
.	.	723	-
.	.	749	-
.	Lmo111&chr&c_228892_227886	18	-
.	.	124	-
.	.	192	-
.	.	605	626
.	.	723	-
.	.	749	-
.	Lmo064&chr&c_230171_231177	18	-
.	.	124	-
.	.	192	-
.	.	605	626
.	.	723	-
.	.	749	-
.	Lmo376&chr&c_233010_232005	18	-
.	.	124	-
.	.	192	-
.	.	605	626
.	.	723	-
.	.	736	-
.	.	749	-
.	LmoC23&chr&c_234579_233573	18	-
.	.	124	-
.	.	192	-
.	.	605	626
.	.	723	-
.	.	749	-
.	Lmo531&chr&c_234873_233867	18	-
.	.	124	-
.	.	192	-
.	.	605	626
.	.	723	-
.	.	749	-
.	Lmo111&chr&c_234908_233902	18	-
.	.	124	-
.	.	192	-
.	.	605	626
.	.	723	-
.	.	749	-
.	Lmo850&chr&c_236074_235068	18	-
.	.	124	-
.	.	192	-
.	.	605	626
.	.	723	-
.	.	749	-
.	Lmo968&chr&c_236149_235143	18	-
.	.	124	-
.	.	192	-
.	.	605	626
.	.	723	-
.	.	749	-
.	Lmo626&chr&c_236556_235550	18	-
.	.	124	-
.	.	192	-
.	.	605	626
.	.	723	-
.	.	749	-
.	Lmo846&chr&c_236556_235550	18	-
.	.	124	-
.	.	192	-
.	.	605	626
.	.	723	-
.	.	749	-
.	Lmo355&chr&c_236557_235551	18	-
.	.	124	-
.	.	192	-
.	.	605	626
.	.	723	-
.	.	749	-
.	Lmo676&chr&c_236557_235551	18	-
.	.	124	-
.	.	192	-
.	.	605	626
.	.	723	-
.	.	749	-
.	LmoEGD&chr&c_236562_235556	18	-
.	.	124	-
.	.	192	-
.	.	605	626
.	.	723	-
.	.	749	-
.	Lmo7179&chr&c_238626_237620	18	-
.	.	124	-
.	.	192	-
.	.	605	626
.	.	723	-
.	.	749	-
.	Lmo459&chr&c_238696_237690	18	-
.	.	124	-
.	.	192	-
.	.	605	626
.	.	723	-
.	.	749	-
.	Lmo312&chr&c_238713_237707	18	-
.	.	124	-
.	.	192	-
.	.	605	626
.	.	723	-
.	.	749	-
.	Lmo625&chr&c_238730_237724	18	-
.	.	124	-
.	.	192	-
.	.	605	626
.	.	723	-
.	.	749	-
.	Lmo074&chr&c_239584_238578	18	-
.	.	124	-
.	.	192	-
.	.	605	626
.	.	723	-
.	.	749	-
.	Lmo540&chr&c_239760_238754	18	-
.	.	124	-
.	.	192	-
.	.	605	626
.	.	723	-
.	.	749	-
.	Lmo100&chr&c_241132_240126	20	-
.	.	124	-
.	.	192	-
.	.	605	626
.	.	723	-
.	.	749	-
.	Lmo3459&chr&c_241132_240126	18	-
.	.	124	-
.	.	192	-
.	.	605	626
.	.	723	-
.	.	749	-
.	Lmo482&chr&c_241269_240263	18	-
.	.	124	-
.	.	192	-
.	.	605	626
.	.	723	-
.	.	749	-
.	Lmo624&chr&c_241452_240446	18	-
.	.	124	-
.	.	192	-
.	.	605	626
.	.	723	-
.	.	749	-
.	Lmo755&chr&c_241670_240664	18	-
.	.	124	-
.	.	192	-
.	.	605	626
.	.	723	-
.	.	754	-
.	Lmo372&chr&c_242042_241036	18	-
.	.	124	-
.	.	192	-
.	.	605	626
.	.	723	-
.	.	749	-
.	Lmo479&chr&c_242054_241048	18	-
.	.	124	-
.	.	192	-
.	.	605	626
.	.	723	-
.	.	749	-
.	LmoGDE&chr&c_242089_241083	18	-
.	.	124	-
.	.	192	-
.	.	605	626
.	.	723	-
.	.	749	-
.	Lmo850&chr&c_242096_241090	18	-
.	.	124	-
.	.	192	-
.	.	605	626
.	.	723	-
.	.	749	-
.	Lmo968&chr&c_242171_241165	18	-
.	.	124	-
.	.	192	-
.	.	605	626
.	.	723	-
.	.	749	-
.	Lmo846&chr&c_242578_241572	18	-
.	.	124	-
.	.	192	-
.	.	605	626
.	.	723	-
.	.	749	-
.	Lmo355&chr&c_242579_241573	18	-
.	.	124	-
.	.	192	-
.	.	605	626
.	.	723	-
.	.	749	-
.	Lmo676&chr&c_242579_241573	18	-
.	.	124	-
.	.	192	-
.	.	605	626
.	.	723	-
.	.	749	-
.	LmoEGD&chr&c_242584_241578	18	-
.	.	124	-
.	.	192	-
.	.	605	626
.	.	723	-
.	.	749	-
.	Lmo7179&chr&c_244647_243641	18	-
.	.	124	-
.	.	192	-
.	.	605	626
.	.	723	-
.	.	749	-
.	Lmo79a&chr&c_244709_243703	18	-
.	.	124	-
.	.	192	-
.	.	605	626
.	.	723	-
.	.	749	-
.	Lmo459&chr&c_244715_243709	18	-
.	.	124	-
.	.	192	-
.	.	605	626
.	.	723	-
.	.	749	-
.	Lmo312&chr&c_244733_243726	18	-
.	.	124	-
.	.	192	-
.	.	605	626
.	.	749	-
.	Lmo625&chr&c_244753_243747	18	-
.	.	124	-
.	.	192	-
.	.	605	626
.	.	723	-
.	.	749	-
.	Lmo4d&chr&c_245398_244392	18	-
.	.	124	-
.	.	192	-
.	.	605	626
.	.	723	-
.	.	749	-
.	Lmo540&chr&c_245779_244773	18	-
.	.	124	-
.	.	192	-
.	.	605	626
.	.	723	-
.	.	749	-
.	Lmo776&chr&c_245858_244852	18	-
.	.	124	-
.	.	192	-
.	.	605	626
.	.	723	-
.	.	749	-
.	Lmo956&chr&c_245920_244914	18	-
.	.	124	-
.	.	192	-
.	.	605	626
.	.	723	-
.	.	749	-
.	Lmo008&chr&c_246486_245480	18	-
.	.	124	-
.	.	192	-
.	.	605	626
.	.	723	-
.	.	749	-
.	LmoTSN&chr&c_246945_245939	18	-
.	.	124	-
.	.	192	-
.	.	605	626
.	.	723	-
.	.	749	-
.	Lmo100&chr&c_247151_246145	20	-
.	.	124	-
.	.	192	-
.	.	605	626
.	.	723	-
.	.	749	-
.	Lmo3459&chr&c_247151_246145	18	-
.	.	124	-
.	.	192	-
.	.	605	626
.	.	723	-
.	.	749	-
.	Lmo482&chr&c_247288_246282	18	-
.	.	124	-
.	.	192	-
.	.	605	626
.	.	723	-
.	.	749	-
.	Lmo365&chr&c_247352_246346	18	-
.	.	124	-
.	.	192	-
.	.	605	626
.	.	723	-
.	.	749	-
.	Lmo195&chr&c_247353_246347	18	-
.	.	124	-
.	.	192	-
.	.	605	626
.	.	723	-
.	.	749	-
.	Lmo214&chr&c_247353_246347	18	-
.	.	124	-
.	.	192	-
.	.	605	626
.	.	723	-
.	.	749	-
.	Lmo624&chr&c_247471_246465	18	-
.	.	124	-
.	.	192	-
.	.	605	626
.	.	723	-
.	.	749	-
.	Lmo755&chr&c_247689_246683	18	-
.	.	124	-
.	.	192	-
.	.	605	626
.	.	723	-
.	.	749	-
.	Lmo378&chr&c_247896_246890	18	-
.	.	124	-
.	.	192	-
.	.	605	626
.	.	723	-
.	.	749	-
.	Lmo372&chr&c_248064_247058	18	-
.	.	124	-
.	.	192	-
.	.	605	626
.	.	723	-
.	.	749	-
.	Lmo479&chr&c_248076_247070	18	-
.	.	124	-
.	.	192	-
.	.	605	626
.	.	723	-
.	.	749	-
.	LmoGDE&chr&c_248110_247104	18	-
.	.	124	-
.	.	192	-
.	.	605	626
.	.	723	-
.	.	749	-
.	Lmo4d&chr&c_251417_250411	18	-
.	.	124	-
.	.	192	-
.	.	605	626
.	.	723	-
.	.	749	-
.	Lmo776&chr&c_251877_250871	18	-
.	.	124	-
.	.	192	-
.	.	605	626
.	.	723	-
.	.	749	-
.	Lmo956&chr&c_251941_250935	18	-
.	.	124	-
.	.	192	-
.	.	605	626
.	.	723	-
.	.	749	-
.	Lmo008&chr&c_252505_251499	18	-
.	.	124	-
.	.	192	-
.	.	605	626
.	.	723	-
.	.	749	-
.	LmoTSN&chr&c_252964_251958	18	-
.	.	124	-
.	.	192	-
.	.	605	626
.	.	723	-
.	.	749	-
.	Lmo365&chr&c_253371_252365	18	-
.	.	124	-
.	.	192	-
.	.	605	626
.	.	723	-
.	.	749	-
.	Lmo195&chr&c_253372_252366	18	-
.	.	124	-
.	.	192	-
.	.	605	626
.	.	723	-
.	.	749	-
.	Lmo214&chr&c_253372_252366	18	-
.	.	124	-
.	.	192	-
.	.	605	626
.	.	723	-
.	.	749	-
.	Lmo378&chr&c_253915_252909	18	-
.	.	124	-
.	.	192	-
.	.	605	626
.	.	723	-
.	.	749	-
.	Lmo463&chr&c_257270_256264	18	-
.	.	124	-
.	.	192	-
.	.	605	626
.	.	723	-
.	.	749	-
.	LmoM7&chr&c_261184_260177	18	-
.	.	124	-
.	.	605	626
.	.	723	-
.	.	749	-
.	Lmo020&chr&c_260240_261246	18	-
.	.	124	-
.	.	192	-
.	.	605	626
.	.	723	-
.	.	749	-
.	LmoL99&chr&c_261382_260376	18	-
.	.	124	-
.	.	192	-
.	.	605	626
.	.	723	-
.	.	749	-
.	Lmo463&chr&c_263289_262283	18	-
.	.	124	-
.	.	192	-
.	.	605	626
.	.	723	-
.	.	749	-
.	Lmo068&chr&c_264795_263789	18	-
.	.	124	-
.	.	192	-
.	.	605	626
.	.	723	-
.	.	749	-
.	LmoM7&chr&c_267204_266198	18	-
.	.	124	-
.	.	192	-
.	.	605	626
.	.	723	-
.	.	749	-
.	LmoL99&chr&c_267401_266395	18	-
.	.	124	-
.	.	192	-
.	.	605	626
.	.	723	-
.	.	749	-
.	Lmo144&chr&c_268748_267742	18	-
.	.	124	-
.	.	192	-
.	.	605	626
.	.	723	-
.	.	749	-
.	Lmo578&chr&c_268749_267743	18	-
.	.	124	-
.	.	192	-
.	.	605	626
.	.	723	-
.	.	749	-
.	Lmo923&chr&c_268749_267743	18	-
.	.	124	-
.	.	192	-
.	.	605	626
.	.	723	-
.	.	749	-
.	Lmo068&chr&c_270814_269808	18	-
.	.	124	-
.	.	192	-
.	.	605	626
.	.	723	-
.	.	749	-
.	Lmo031&chr&c_274130_275136	18	-
.	.	124	-
.	.	192	-
.	.	605	626
.	.	723	-
.	.	749	-
.	Lmo031&chr&c_280153_281159	18	-
.	.	124	-
.	.	192	-
.	.	605	626
.	.	723	-
.	.	749	-
.	Lmo60&chr&c_292882_291876	18	-
.	.	124	-
.	.	192	-
.	.	605	626
.	.	723	-
.	.	749	-
.	Lmo546&chr&c_310740_311746	18	-
.	.	124	-
.	.	192	-
.	.	605	626
.	.	723	-
.	.	749	-
.	Lmo502&chr&c_325583_326589	18	-
.	.	124	-
.	.	192	-
.	.	605	626
.	.	723	-
.	.	749	-
.	Lmo306&chr&c_358024_357018	18	-
.	.	124	-
.	.	192	-
.	.	605	626
.	.	723	-
.	.	749	-
.	Lmo306&chr&c_364043_363037	18	-
.	.	124	-
.	.	192	-
.	.	605	626
.	.	723	-
.	.	749	-
.	Lmo020&chr&c_364265_365271	18	-
.	.	124	-
.	.	192	-
.	.	605	626
.	.	723	-
.	.	749	-
.	Lmo091&chr&c_415465_414459	18	-
.	.	124	-
.	.	192	-
.	.	605	626
.	.	723	-
.	.	749	-
.	Lmo546&chr&c_414722_415728	18	-
.	.	124	-
.	.	192	-
.	.	605	626
.	.	723	-
.	.	749	-
.	Lmo018&chr&c_422717_423723	18	-
.	.	124	-
.	.	192	-
.	.	605	626
.	.	723	-
.	.	749	-
.	Lmo025&chr&c_507289_506283	18	-
.	.	124	-
.	.	192	-
.	.	605	626
.	.	723	-
.	.	749	-
.	Lmo025&chr&c_513309_512303	18	-
.	.	124	-
.	.	192	-
.	.	605	626
.	.	723	-
.	.	749	-
.	Lmo001&chr&c_512687_513693	18	-
.	.	124	-
.	.	192	-
.	.	605	626
.	.	723	-
.	.	749	-
.	Lmo817&chr&c_520923_519917	18	-
.	.	124	-
.	.	192	-
.	.	605	626
.	.	723	-
.	.	749	-
.	Lmo179&chr&l_525834_524828	18	-
.	.	124	-
.	.	192	-
.	.	605	626
.	.	723	-
.	.	749	-
.	Lmo122&chr&c_530248_529242	18	-
.	.	124	-
.	.	192	-
.	.	605	626
.	.	723	-
.	.	749	-
.	Lmo001&chr&c_616660_617666	18	-
.	.	124	-
.	.	192	-
.	.	605	626
.	.	723	-
.	.	749	-
.	Lmo11A&chr&c_643502_644508	18	-
.	.	124	-
.	.	192	-
.	.	477	A
.	.	605	626
.	.	723	-
.	.	749	-
.	Lmo091&chr&c_645892_644886	18	-
.	.	124	-
.	.	192	-
.	.	605	626
.	.	723	-
.	.	749	-
.	Lmo018&chr&c_653251_654257	18	-
.	.	124	-
.	.	192	-
.	.	605	626
.	.	723	-
.	.	749	-
.	Lmo1033&chr&c_732207_731201	18	-
.	.	124	-
.	.	192	-
.	.	605	626
.	.	723	-
.	.	749	-
.	Lmo1033&chr&c_738226_737220	18	-
.	.	124	-
.	.	192	-
.	.	605	626
.	.	723	-
.	.	749	-
.	Lmo064&chr&c_743652_742646	18	-
.	.	124	-
.	.	192	-
.	.	605	626
.	.	723	-
.	.	749	-
.	Lmo817&chr&c_749672_748666	18	-
.	.	124	-
.	.	192	-
.	.	605	626
.	.	723	-
.	.	749	-
.	Lmo122&chr&c_758792_757786	18	-
.	.	124	-
.	.	192	-
.	.	605	626
.	.	723	-
.	.	749	-
.	LmoC23&chr&c_796248_795242	18	-
.	.	124	-
.	.	192	-
.	.	605	626
.	.	723	-
.	.	749	-
.	Lmo11A&chr&c_801243_802249	18	-
.	.	124	-
.	.	192	-
.	.	605	626
.	.	723	-
.	.	749	-
.	Lmo031&chr&c_802488_801482	18	-
.	.	124	-
.	.	192	-
.	.	605	626
.	.	723	-
.	.	749	-
.	Lmo502&chr&c_853537_852531	18	-
.	.	124	-
.	.	192	-
.	.	605	626
.	.	723	-
.	.	749	-
.	LmoC23&chr&c_901283_900277	18	-
.	.	124	-
.	.	192	-
.	.	605	626
.	.	723	-
.	.	749	-
.	Lmo020&chr&c_911158_912164	18	-
.	.	124	-
.	.	192	-
.	.	605	626
.	.	723	-
.	.	749	-
.	Lmo502&chr&c_956378_955372	18	-
.	.	124	-
.	.	192	-
.	.	477	A
.	.	605	626
.	.	723	-
.	.	749	-
.	Lmo546&chr&c_999223_1000229	18	-
.	.	124	-
.	.	192	-
.	.	605	626
.	.	723	-
.	.	749	-
.	Lmo031&chr&c_1037841_1036835	18	-
.	.	124	-
.	.	192	-
.	.	605	626
.	.	723	-
.	.	749	-
.	Lmo136&chr&c_1061002_1062008	18	-
.	.	124	-
.	.	192	-
.	.	605	626
.	.	723	-
.	.	749	-
.	Lmo042&chr&c_1133856_1134862	18	-
.	.	124	-
.	.	192	-
.	.	605	626
.	.	723	-
.	.	749	-
.	Lmo020&chr&c_1147703_1148709	18	-
.	.	124	-
.	.	192	-
.	.	605	626
.	.	723	-
.	.	749	-
.	Lmo001&chr&c_1165980_1166986	18	-
.	.	124	-
.	.	192	-
.	.	605	626
.	.	723	-
.	.	749	-
.	Lmo136&chr&c_1168187_1169193	18	-
.	.	124	-
.	.	192	-
.	.	605	626
.	.	723	-
.	.	749	-
.	Lmo018&chr&c_1184430_1183424	18	-
.	.	124	-
.	.	192	-
.	.	605	626
.	.	723	-
.	.	749	-
.	Lmo018&chr&c_1190449_1189443	18	-
.	.	124	-
.	.	192	-
.	.	605	626
.	.	723	-
.	.	749	-
.	Lmo546&chr&c_1233797_1234803	18	-
.	.	124	-
.	.	192	-
.	.	605	626
.	.	723	-
.	.	749	-
.	Lmo387&chr&c_1238214_1239220	18	-
.	.	124	-
.	.	192	-
.	.	605	626
.	.	723	-
.	.	749	-
.	Lmo042&chr&c_1238534_1239540	18	-
.	.	124	-
.	.	192	-
.	.	605	626
.	.	723	-
.	.	749	-
.	Lmo163&chr&c_1279613_1280619	18	-
.	.	124	-
.	.	192	-
.	.	605	626
.	.	723	-
.	.	749	-
.	Lmo163&chr&c_1285635_1286641	18	-
.	.	124	-
.	.	192	-
.	.	605	626
.	.	723	-
.	.	749	-
.	Lmo122&chr&c_1319235_1318229	18	-
.	.	124	-
.	.	192	-
.	.	605	626
.	.	723	-
.	.	749	-
.	Lmo387&chr&c_1344140_1345146	18	-
.	.	124	-
.	.	192	-
.	.	605	626
.	.	723	-
.	.	749	-
.	Lmo817&chr&c_1354319_1353313	18	-
.	.	124	-
.	.	192	-
.	.	605	626
.	.	723	-
.	.	749	-
.	Lmo11A&chr&c_1363133_1364139	18	-
.	.	124	-
.	.	192	-
.	.	605	626
.	.	723	-
.	.	749	-
.	Lmo001&chr&c_1400078_1401084	18	-
.	.	124	-
.	.	192	-
.	.	605	626
.	.	723	-
.	.	749	-
.	Lmo122&chr&c_1422076_1421070	18	-
.	.	124	-
.	.	192	-
.	.	605	626
.	.	723	-
.	.	749	-
.	Lmo019&chr&c_1453939_1454945	18	-
.	.	124	-
.	.	192	-
.	.	605	626
.	.	723	-
.	.	749	-
.	Lmo817&chr&c_1457160_1456154	18	-
.	.	124	-
.	.	192	-
.	.	605	626
.	.	723	-
.	.	749	-
.	Lmo1776&chr&c_1488981_1489987	18	-
.	.	124	-
.	.	192	-
.	.	605	626
.	.	723	-
.	.	749	-
.	Lmo019&chr&c_1557964_1558970	18	-
.	.	124	-
.	.	192	-
.	.	605	626
.	.	723	-
.	.	749	-
.	Lmo1776&chr&c_1591822_1592828	18	-
.	.	124	-
.	.	192	-
.	.	425	T
.	.	605	626
.	.	723	-
.	.	749	-
.	Lmo926&chr&c_1596984_1597990	18	-
.	.	124	-
.	.	192	-
.	.	605	626
.	.	723	-
.	.	749	-
.	Lmo031&chr&c_1627527_1626521	18	-
.	.	124	-
.	.	192	-
.	.	605	626
.	.	723	-
.	.	749	-
.	Lmo531&chr&c_1630610_1631616	18	-
.	.	124	-
.	.	192	-
.	.	605	626
.	.	723	-
.	.	749	-
.	Lmo111&chr&c_1630768_1631774	18	-
.	.	124	-
.	.	192	-
.	.	605	626
.	.	723	-
.	.	749	-
.	Lmo11A&chr&c_1632972_1633978	18	-
.	.	124	-
.	.	192	-
.	.	605	626
.	.	723	-
.	.	749	-
.	Lmo020&chr&c_1644304_1643298	18	-
.	.	124	-
.	.	192	-
.	.	433	G
.	.	605	626
.	.	723	-
.	.	749	-
.	Lmo020&chr&c_1650301_1649295	18	-
.	.	124	-
.	.	192	-
.	.	605	626
.	.	723	-
.	.	749	-
.	Lmo376&chr&c_1685003_1686009	18	-
.	.	124	-
.	.	192	-
.	.	605	626
.	.	723	-
.	.	749	-
.	Lmo7179&chr&c_1688404_1689410	18	-
.	.	124	-
.	.	192	-
.	.	605	626
.	.	723	-
.	.	749	-
.	Lmo074&chr&c_1691825_1692831	18	-
.	.	124	-
.	.	192	-
.	.	605	626
.	.	723	-
.	.	749	-
.	Lmo658&chr&c_1693082_1694110	18	-
.	.	124	-
.	.	192	-
.	.	723	-
.	.	749	-
.	Lmo074&chr&c_1697848_1698854	18	-
.	.	124	-
.	.	192	-
.	.	605	626
.	.	723	-
.	.	749	-
.	Lmo355&chr&c_1701741_1702747	18	-
.	.	124	-
.	.	192	-
.	.	605	626
.	.	723	-
.	.	749	-
.	Lmo047&chr&c_1703778_1704784	18	-
.	.	124	-
.	.	192	-
.	.	605	626
.	.	723	-
.	.	749	-
.	Lmo047&chr&c_1709815_1710821	18	-
.	.	124	-
.	.	192	-
.	.	605	626
.	.	723	-
.	.	749	-
.	Lmo776&chr&c_1720941_1721947	18	-
.	.	124	-
.	.	192	-
.	.	605	626
.	.	723	-
.	.	749	-
.	LmoTSN&chr&c_1723512_1724518	18	-
.	.	124	-
.	.	192	-
.	.	605	626
.	.	723	-
.	.	749	-
.	Lmo195&chr&c_1724112_1725118	18	-
.	.	124	-
.	.	192	-
.	.	605	626
.	.	723	-
.	.	749	-
.	Lmo214&chr&c_1724112_1725118	18	-
.	.	124	-
.	.	192	-
.	.	605	626
.	.	723	-
.	.	749	-
.	Lmo365&chr&c_1724113_1725119	18	-
.	.	124	-
.	.	192	-
.	.	605	626
.	.	723	-
.	.	749	-
.	Lmo378&chr&c_1725111_1726116	6	-
.	.	18	-
.	.	124	-
.	.	192	-
.	.	555	C
.	.	605	626
.	.	723	-
.	.	749	-
.	Lmo312&chr&c_1729410_1730416	18	-
.	.	124	-
.	.	192	-
.	.	605	626
.	.	723	-
.	.	749	-
.	Lmo459&chr&c_1729595_1730601	18	-
.	.	124	-
.	.	192	-
.	.	605	626
.	.	723	-
.	.	749	-
.	Lmo755&chr&c_1729811_1730817	18	-
.	.	124	-
.	.	192	-
.	.	477	A
.	.	605	626
.	.	723	-
.	.	749	-
.	Lmo031&chr&c_1731456_1730450	18	-
.	.	124	-
.	.	192	-
.	.	605	626
.	.	723	-
.	.	749	-
.	Lmo531&chr&c_1730986_1731992	18	-
.	.	124	-
.	.	192	-
.	.	605	626
.	.	723	-
.	.	749	-
.	Lmo111&chr&c_1731165_1732171	18	-
.	.	124	-
.	.	192	-
.	.	605	626
.	.	723	-
.	.	749	-
.	Lmo968&chr&c_1732770_1733776	18	-
.	.	124	-
.	.	192	-
.	.	605	626
.	.	723	-
.	.	749	-
.	Lmo008&chr&c_1733761_1734767	18	-
.	.	124	-
.	.	192	-
.	.	605	626
.	.	723	-
.	.	749	-
.	Lmo625&chr&c_1735297_1736303	18	-
.	.	124	-
.	.	192	-
.	.	605	626
.	.	723	-
.	.	749	-
.	Lmo4d&chr&c_1736430_1737435	18	-
.	.	124	-
.	.	192	-
.	.	604	626
.	.	723	-
.	.	744	G
.	.	749	-
.	Lmo626&chr&c_1738024_1739030	18	-
.	.	124	-
.	.	192	-
.	.	605	626
.	.	723	-
.	.	749	-
.	LmoGDE&chr&c_1743195_1744201	18	-
.	.	124	-
.	.	192	-
.	.	605	626
.	.	723	-
.	.	749	-
.	Lmo626&chr&c_1744046_1745052	18	-
.	.	124	-
.	.	192	-
.	.	605	626
.	.	723	-
.	.	749	-
.	Lmo676&chr&c_1744047_1745053	18	-
.	.	124	-
.	.	192	-
.	.	605	626
.	.	723	-
.	.	749	-
.	Lmo850&chr&c_1744870_1745876	18	-
.	.	124	-
.	.	192	-
.	.	605	626
.	.	723	-
.	.	749	-
.	Lmo846&chr&c_1745121_1746127	18	-
.	.	124	-
.	.	192	-
.	.	605	626
.	.	723	-
.	.	749	-
.	LmoEGD&chr&c_1745361_1746367	18	-
.	.	124	-
.	.	192	-
.	.	605	626
.	.	723	-
.	.	749	-
.	Lmo546&chr&c_1747458_1746452	18	-
.	.	124	-
.	.	192	-
.	.	605	626
.	.	723	-
.	.	749	-
.	Lmo956&chr&c_1749929_1750935	18	-
.	.	124	-
.	.	192	-
.	.	605	626
.	.	723	-
.	.	749	-
.	Lmo546&chr&c_1753481_1752475	18	-
.	.	124	-
.	.	192	-
.	.	605	626
.	.	723	-
.	.	749	-
.	LmoM7&chr&c_1752673_1753679	18	-
.	.	124	-
.	.	192	-
.	.	605	626
.	.	723	-
.	.	749	-
.	Lmo79a&chr&c_1753395_1754401	18	-
.	.	124	-
.	.	192	-
.	.	605	626
.	.	723	-
.	.	749	-
.	LmoL99&chr&c_1754713_1755719	18	-
.	.	124	-
.	.	192	-
.	.	605	626
.	.	723	-
.	.	749	-
.	Lmo136&chr&c_1755712_1756718	18	-
.	.	124	-
.	.	192	-
.	.	605	626
.	.	723	-
.	.	749	-
.	Lmo463&chr&c_1757821_1758827	18	-
.	.	124	-
.	.	192	-
.	.	605	626
.	.	723	-
.	.	749	-
.	Lmo624&chr&c_1761966_1762972	18	-
.	.	124	-
.	.	192	-
.	.	605	626
.	.	723	-
.	.	749	-
.	Lmo479&chr&c_1763235_1764241	18	-
.	.	124	-
.	.	192	-
.	.	605	626
.	.	723	-
.	.	749	-
.	Lmo372&chr&c_1763584_1764590	18	-
.	.	124	-
.	.	192	-
.	.	605	626
.	.	723	-
.	.	749	-
.	Lmo482&chr&c_1764036_1765042	18	-
.	.	124	-
.	.	192	-
.	.	477	A
.	.	605	626
.	.	723	-
.	.	749	-
.	Lmo3459&chr&c_1771634_1772640	18	-
.	.	124	-
.	.	192	-
.	.	605	626
.	.	723	-
.	.	749	-
.	Lmo540&chr&c_1775025_1776031	18	-
.	.	124	-
.	.	192	-
.	.	605	626
.	.	723	-
.	.	749	-
.	Lmo144&chr&c_1779099_1780105	18	-
.	.	124	-
.	.	192	-
.	.	605	626
.	.	723	-
.	.	749	-
.	Lmo923&chr&c_1780393_1781399	18	-
.	.	124	-
.	.	192	-
.	.	605	626
.	.	723	-
.	.	749	-
.	Lmo376&chr&c_1789027_1790032	18	-
.	.	124	-
.	.	192	-
.	.	605	626
.	.	723	-
.	.	749	-
.	.	870	-
.	.	873	A
.	Lmo7179&chr&c_1792387_1793393	18	-
.	.	124	-
.	.	192	-
.	.	605	626
.	.	723	-
.	.	749	-
.	Lmo658&chr&c_1798586_1799614	18	-
.	.	124	-
.	.	192	-
.	.	723	-
.	.	749	-
.	Lmo60&chr&c_1801736_1802742	18	-
.	.	124	-
.	.	192	-
.	.	605	626
.	.	723	-
.	.	749	-
.	Lmo074&chr&c_1801831_1802837	18	-
.	.	124	-
.	.	192	-
.	.	605	626
.	.	723	-
.	.	749	-
.	Lmo163&chr&c_1804919_1803913	18	-
.	.	124	-
.	.	192	-
.	.	605	626
.	.	723	-
.	.	749	-
.	Lmo355&chr&c_1805714_1806720	18	-
.	.	124	-
.	.	192	-
.	.	605	626
.	.	723	-
.	.	749	-
.	Lmo068&chr&c_1806317_1807323	18	-
.	.	124	-
.	.	192	-
.	.	605	626
.	.	723	-
.	.	749	-
.	Lmo60&chr&c_1807759_1808765	18	-
.	.	124	-
.	.	192	-
.	.	605	626
.	.	723	-
.	.	749	-
.	Lmo578&chr&c_1813666_1814672	18	-
.	.	124	-
.	.	192	-
.	.	605	626
.	.	723	-
.	.	749	-
.	Lmo776&chr&c_1825619_1826625	18	-
.	.	124	-
.	.	192	-
.	.	605	626
.	.	723	-
.	.	749	-
.	Lmo100&chr&c_1827237_1828243	18	-
.	.	124	-
.	.	192	-
.	.	605	626
.	.	723	-
.	.	749	-
.	LmoTSN&chr&c_1828190_1829196	18	-
.	.	124	-
.	.	192	-
.	.	605	626
.	.	723	-
.	.	749	-
.	Lmo195&chr&c_1828789_1829795	18	-
.	.	124	-
.	.	192	-
.	.	605	626
.	.	723	-
.	.	749	-
.	Lmo214&chr&c_1828789_1829795	18	-
.	.	124	-
.	.	192	-
.	.	605	626
.	.	723	-
.	.	749	-
.	Lmo365&chr&c_1828790_1829796	18	-
.	.	124	-
.	.	192	-
.	.	605	626
.	.	723	-
.	.	749	-
.	Lmo378&chr&c_1829788_1830795	18	-
.	.	81	C
.	.	84	T
.	.	85	T
.	.	129	C
.	.	192	-
.	.	555	C
.	.	556	C
.	.	605	626
.	.	723	-
.	.	749	-
.	Lmo312&chr&c_1835368_1836374	18	-
.	.	124	-
.	.	192	-
.	.	605	626
.	.	723	-
.	.	749	-
.	Lmo459&chr&c_1835552_1836558	18	-
.	.	124	-
.	.	192	-
.	.	605	626
.	.	723	-
.	.	749	-
.	Lmo008&chr&c_1836602_1837608	18	-
.	.	124	-
.	.	192	-
.	.	605	626
.	.	723	-
.	.	749	-
.	Lmo968&chr&c_1836743_1837749	18	-
.	.	124	-
.	.	192	-
.	.	605	626
.	.	723	-
.	.	749	-
.	Lmo042&chr&c_1836981_1837987	18	-
.	.	124	-
.	.	192	-
.	.	605	626
.	.	723	-
.	.	749	-
.	Lmo625&chr&c_1839282_1840288	18	-
.	.	124	-
.	.	192	-
.	.	605	626
.	.	723	-
.	.	749	-
.	Lmo179&chr&l_1840568_1839562	18	-
.	.	124	-
.	.	192	-
.	.	605	626
.	.	723	-
.	.	749	-
.	Lmo4d&chr&c_1841107_1842113	18	-
.	.	124	-
.	.	192	-
.	.	605	626
.	.	723	-
.	.	749	-
.	Lmo626&chr&c_1848019_1849025	18	-
.	.	124	-
.	.	192	-
.	.	605	626
.	.	723	-
.	.	749	-
.	Lmo676&chr&c_1848020_1849026	18	-
.	.	124	-
.	.	192	-
.	.	605	626
.	.	723	-
.	.	749	-
.	Lmo850&chr&c_1848843_1849849	18	-
.	.	124	-
.	.	192	-
.	.	605	626
.	.	723	-
.	.	749	-
.	Lmo846&chr&c_1849094_1850100	18	-
.	.	124	-
.	.	192	-
.	.	605	626
.	.	723	-
.	.	749	-
.	LmoGDE&chr&c_1849116_1850122	18	-
.	.	124	-
.	.	192	-
.	.	605	626
.	.	723	-
.	.	749	-
.	Lmo306&chr&c_1849328_1850334	18	-
.	.	124	-
.	.	192	-
.	.	605	626
.	.	723	-
.	.	749	-
.	LmoEGD&chr&c_1849334_1850340	18	-
.	.	124	-
.	.	192	-
.	.	605	626
.	.	723	-
.	.	749	-
.	Lmo956&chr&c_1855847_1856853	18	-
.	.	124	-
.	.	192	-
.	.	605	626
.	.	723	-
.	.	749	-
.	Lmo79a&chr&c_1857377_1858383	18	-
.	.	124	-
.	.	192	-
.	.	605	626
.	.	723	-
.	.	749	-
.	LmoM7&chr&c_1857710_1858716	18	-
.	.	124	-
.	.	192	-
.	.	605	626
.	.	723	-
.	.	749	-
.	LmoL99&chr&c_1859750_1860756	18	-
.	.	124	-
.	.	192	-
.	.	605	626
.	.	723	-
.	.	749	-
.	Lmo463&chr&c_1862499_1863505	18	-
.	.	124	-
.	.	192	-
.	.	605	626
.	.	723	-
.	.	749	-
.	Lmo624&chr&c_1864788_1865794	18	-
.	.	124	-
.	.	192	-
.	.	605	626
.	.	723	-
.	.	749	-
.	Lmo482&chr&c_1866880_1867886	18	-
.	.	124	-
.	.	192	-
.	.	605	626
.	.	723	-
.	.	749	-
.	Lmo479&chr&c_1869159_1870165	18	-
.	.	124	-
.	.	192	-
.	.	605	626
.	.	723	-
.	.	749	-
.	Lmo372&chr&c_1869508_1870514	18	-
.	.	124	-
.	.	192	-
.	.	605	626
.	.	723	-
.	.	749	-
.	Lmo540&chr&c_1879143_1880149	18	-
.	.	124	-
.	.	192	-
.	.	605	626
.	.	723	-
.	.	749	-
.	Lmo144&chr&c_1883081_1884087	18	-
.	.	124	-
.	.	192	-
.	.	605	626
.	.	723	-
.	.	749	-
.	Lmo755&chr&c_1887550_1888556	18	-
.	.	124	-
.	.	192	-
.	.	605	626
.	.	723	-
.	.	749	-
.	Lmo068&chr&c_1909139_1910145	18	-
.	.	124	-
.	.	192	-
.	.	605	626
.	.	723	-
.	.	749	-
.	Lmo001&chr&c_1912177_1911171	18	-
.	.	124	-
.	.	192	-
.	.	605	626
.	.	723	-
.	.	749	-
.	Lmo001&chr&c_1918199_1917193	18	-
.	.	124	-
.	.	192	-
.	.	605	626
.	.	723	-
.	.	749	-
.	Lmo3459&chr&c_1929350_1930356	18	-
.	.	124	-
.	.	192	-
.	.	605	626
.	.	723	-
.	.	749	-
.	Lmo100&chr&c_1930060_1931066	18	-
.	.	124	-
.	.	192	-
.	.	605	626
.	.	723	-
.	.	749	-
.	Lmo387&chr&c_1931689_1932695	18	-
.	.	124	-
.	.	192	-
.	.	605	626
.	.	723	-
.	.	749	-
.	Lmo923&chr&c_1934310_1935316	18	-
.	.	124	-
.	.	192	-
.	.	605	626
.	.	723	-
.	.	749	-
.	Lmo306&chr&c_1955285_1956291	18	-
.	.	124	-
.	.	192	-
.	.	605	626
.	.	723	-
.	.	749	-
.	Lmo578&chr&c_1967584_1968590	18	-
.	.	124	-
.	.	192	-
.	.	605	626
.	.	723	-
.	.	749	-
.	Lmo136&chr&c_1990722_1991728	18	-
.	.	124	-
.	.	192	-
.	.	605	626
.	.	723	-
.	.	749	-
.	Lmo025&chr&c_2027639_2028645	18	-
.	.	124	-
.	.	192	-
.	.	605	626
.	.	723	-
.	.	749	-
.	Lmo042&chr&c_2067314_2068319	18	-
.	.	22	-
.	.	124	-
.	.	192	-
.	.	605	626
.	.	723	-
.	.	749	-
.	Lmo163&chr&c_2079134_2078128	18	-
.	.	124	-
.	.	192	-
.	.	605	626
.	.	723	-
.	.	749	-
.	Lmo019&chr&c_2104858_2105864	18	-
.	.	124	-
.	.	192	-
.	.	605	626
.	.	723	-
.	.	749	-
.	Lmo926&chr&c_2122067_2121061	18	-
.	.	124	-
.	.	192	-
.	.	605	626
.	.	723	-
.	.	749	-
.	Lmo387&chr&c_2165573_2166579	18	-
.	.	124	-
.	.	192	-
.	.	605	626
.	.	723	-
.	.	749	-
.	Lmo025&chr&c_2190543_2191549	18	-
.	.	124	-
.	.	192	-
.	.	605	626
.	.	723	-
.	.	749	-
.	Lmo091&chr&c_2191685_2192691	18	-
.	.	124	-
.	.	192	-
.	.	605	626
.	.	723	-
.	.	749	-
.	Lmo1776&chr&c_2196472_2197478	18	-
.	.	124	-
.	.	192	-
.	.	605	626
.	.	723	-
.	.	749	-
.	Lmo11A&chr&c_2202392_2201386	18	-
.	.	124	-
.	.	192	-
.	.	605	626
.	.	723	-
.	.	749	-
.	Lmo11A&chr&c_2208410_2207404	18	-
.	.	124	-
.	.	192	-
.	.	605	626
.	.	723	-
.	.	749	-
.	Lmo1033&chr&c_2221694_2222700	18	-
.	.	124	-
.	.	192	-
.	.	605	626
.	.	723	-
.	.	749	-
.	Lmo047&chr&c_2225069_2224063	18	-
.	.	124	-
.	.	192	-
.	.	605	626
.	.	723	-
.	.	749	-
.	Lmo064&chr&c_2279472_2280478	18	-
.	.	124	-
.	.	192	-
.	.	605	626
.	.	723	-
.	.	749	-
.	Lmo111&chr&c_2288479_2289485	18	-
.	.	124	-
.	.	192	-
.	.	605	626
.	.	723	-
.	.	749	-
.	Lmo531&chr&c_2288879_2289885	18	-
.	.	124	-
.	.	192	-
.	.	605	626
.	.	723	-
.	.	749	-
.	Lmo091&chr&c_2296363_2297369	18	-
.	.	124	-
.	.	192	-
.	.	605	626
.	.	723	-
.	.	749	-
.	Lmo60&chr&c_2321419_2320413	18	-
.	.	124	-
.	.	192	-
.	.	605	626
.	.	723	-
.	.	749	-
.	Lmo1033&chr&c_2326372_2327378	18	-
.	.	124	-
.	.	192	-
.	.	605	626
.	.	723	-
.	.	749	-
.	Lmo376&chr&c_2334464_2335470	18	-
.	.	124	-
.	.	192	-
.	.	605	626
.	.	723	-
.	.	749	-
.	Lmo7179&chr&c_2339797_2340803	18	-
.	.	124	-
.	.	192	-
.	.	605	626
.	.	723	-
.	.	749	-
.	Lmo019&chr&c_2341404_2342410	18	-
.	.	124	-
.	.	192	-
.	.	605	626
.	.	723	-
.	.	749	-
.	Lmo926&chr&c_2350813_2349807	18	-
.	.	124	-
.	.	192	-
.	.	605	626
.	.	723	-
.	.	749	-
.	Lmo355&chr&c_2354319_2355325	18	-
.	.	124	-
.	.	192	-
.	.	605	626
.	.	723	-
.	.	749	-
.	Lmo074&chr&c_2356132_2357138	18	-
.	.	124	-
.	.	192	-
.	.	605	626
.	.	723	-
.	.	749	-
.	Lmo658&chr&c_2360928_2361956	18	-
.	.	124	-
.	.	192	-
.	.	723	-
.	.	749	-
.	Lmo179&chr&l_2361272_2362278	18	-
.	.	124	-
.	.	192	-
.	.	605	626
.	.	723	-
.	.	749	-
.	Lmo064&chr&c_2382294_2383300	18	-
.	.	124	-
.	.	192	-
.	.	605	626
.	.	723	-
.	.	749	-
.	Lmo968&chr&c_2385348_2386354	18	-
.	.	124	-
.	.	192	-
.	.	605	626
.	.	723	-
.	.	749	-
.	LmoC23&chr&c_2386822_2387828	18	-
.	.	124	-
.	.	192	-
.	.	605	626
.	.	723	-
.	.	749	-
.	Lmo776&chr&c_2388283_2389289	18	-
.	.	124	-
.	.	192	-
.	.	605	626
.	.	723	-
.	.	749	-
.	Lmo625&chr&c_2388470_2389476	18	-
.	.	124	-
.	.	192	-
.	.	605	626
.	.	723	-
.	.	749	-
.	LmoTSN&chr&c_2390777_2391783	18	-
.	.	124	-
.	.	192	-
.	.	605	626
.	.	723	-
.	.	749	-
.	Lmo195&chr&c_2391083_2392089	18	-
.	.	124	-
.	.	192	-
.	.	605	626
.	.	723	-
.	.	749	-
.	Lmo214&chr&c_2391083_2392089	18	-
.	.	124	-
.	.	192	-
.	.	605	626
.	.	723	-
.	.	749	-
.	Lmo365&chr&c_2391465_2392471	18	-
.	.	124	-
.	.	192	-
.	.	605	626
.	.	723	-
.	.	749	-
.	LmoC23&chr&c_2392842_2393849	18	-
.	.	124	-
.	.	605	626
.	.	723	-
.	.	749	-
.	Lmo008&chr&c_2397099_2398105	18	-
.	.	124	-
.	.	192	-
.	.	605	626
.	.	723	-
.	.	749	-
.	Lmo850&chr&c_2397509_2398515	18	-
.	.	124	-
.	.	192	-
.	.	605	626
.	.	723	-
.	.	749	-
.	Lmo626&chr&c_2397791_2398797	18	-
.	.	124	-
.	.	192	-
.	.	605	626
.	.	723	-
.	.	749	-
.	LmoEGD&chr&c_2398161_2399167	18	-
.	.	124	-
.	.	192	-
.	.	605	626
.	.	723	-
.	.	749	-
.	Lmo956&chr&c_2405668_2406674	18	-
.	.	124	-
.	.	192	-
.	.	605	626
.	.	723	-
.	.	749	-
.	Lmo459&chr&c_2408474_2409480	18	-
.	.	124	-
.	.	192	-
.	.	605	626
.	.	723	-
.	.	749	-
.	Lmo312&chr&c_2408633_2409639	18	-
.	.	124	-
.	.	192	-
.	.	605	626
.	.	723	-
.	.	749	-
.	LmoM7&chr&c_2419389_2420395	18	-
.	.	124	-
.	.	192	-
.	.	605	626
.	.	723	-
.	.	749	-
.	Lmo482&chr&c_2419950_2420956	18	-
.	.	124	-
.	.	192	-
.	.	605	626
.	.	723	-
.	.	749	-
.	LmoL99&chr&c_2421437_2422443	18	-
.	.	124	-
.	.	192	-
.	.	605	626
.	.	723	-
.	.	749	-
.	Lmo624&chr&c_2424634_2425640	18	-
.	.	124	-
.	.	192	-
.	.	605	626
.	.	723	-
.	.	749	-
.	Lmo1776&chr&c_2425219_2426225	18	-
.	.	124	-
.	.	192	-
.	.	605	626
.	.	723	-
.	.	749	-
.	Lmo144&chr&c_2427868_2428874	18	-
.	.	124	-
.	.	192	-
.	.	605	626
.	.	723	-
.	.	749	-
.	Lmo378&chr&c_2428241_2429247	18	-
.	.	124	-
.	.	192	-
.	.	605	626
.	.	723	-
.	.	749	-
.	Lmo463&chr&c_2433353_2434359	18	-
.	.	124	-
.	.	192	-
.	.	605	626
.	.	723	-
.	.	749	-
.	Lmo676&chr&c_2437468_2438474	18	-
.	.	124	-
.	.	192	-
.	.	605	626
.	.	723	-
.	.	749	-
.	Lmo846&chr&c_2437839_2438845	18	-
.	.	124	-
.	.	192	-
.	.	605	626
.	.	723	-
.	.	749	-
.	LmoGDE&chr&c_2438136_2439142	18	-
.	.	124	-
.	.	192	-
.	.	605	626
.	.	723	-
.	.	749	-
.	Lmo4d&chr&c_2439682_2440688	18	-
.	.	124	-
.	.	192	-
.	.	605	626
.	.	723	-
.	.	749	-
.	Lmo79a&chr&c_2441879_2442885	18	-
.	.	124	-
.	.	192	-
.	.	605	626
.	.	723	-
.	.	749	-
.	Lmo755&chr&c_2449208_2450214	18	-
.	.	124	-
.	.	192	-
.	.	605	626
.	.	711	A
.	.	723	-
.	.	749	-
.	Lmo479&chr&c_2455275_2456281	18	-
.	.	124	-
.	.	192	-
.	.	605	626
.	.	723	-
.	.	749	-
.	Lmo372&chr&c_2455665_2456671	18	-
.	.	124	-
.	.	192	-
.	.	605	626
.	.	723	-
.	.	749	-
.	Lmo540&chr&c_2456503_2457510	18	G
.	.	124	-
.	.	192	-
.	.	605	626
.	.	723	-
.	.	749	-
.	Lmo179&chr&l_2465249_2466255	18	-
.	.	124	-
.	.	192	-
.	.	605	626
.	.	723	-
.	.	749	-
.	Lmo047&chr&c_2467897_2466891	18	-
.	.	124	-
.	.	192	-
.	.	605	626
.	.	723	-
.	.	749	-
.	Lmo068&chr&c_2468812_2469818	18	-
.	.	124	-
.	.	192	-
.	.	605	626
.	.	723	-
.	.	749	-
.	Lmo502&chr&c_2482360_2483366	18	-
.	.	124	-
.	.	192	-
.	.	605	626
.	.	723	-
.	.	749	-
.	Lmo502&chr&c_2488379_2489385	18	-
.	.	124	-
.	.	192	-
.	.	605	626
.	.	723	-
.	.	749	-
.	Lmo136&chr&c_2503279_2502273	18	-
.	.	124	-
.	.	192	-
.	.	605	626
.	.	723	-
.	.	749	-
.	Lmo136&chr&c_2509300_2508294	18	-
.	.	124	-
.	.	192	-
.	.	605	626
.	.	723	-
.	.	749	-
.	Lmo111&chr&c_2516135_2517141	18	-
.	.	124	-
.	.	192	-
.	.	605	626
.	.	723	-
.	.	749	-
.	Lmo531&chr&c_2516586_2517592	18	-
.	.	124	-
.	.	192	-
.	.	605	626
.	.	723	-
.	.	749	-
.	Lmo923&chr&c_2519787_2520793	18	-
.	.	124	-
.	.	192	-
.	.	605	626
.	.	723	-
.	.	749	-
.	Lmo306&chr&c_2526585_2527591	18	-
.	.	124	-
.	.	192	-
.	.	605	626
.	.	723	-
.	.	749	-
.	Lmo3459&chr&c_2531756_2532762	18	-
.	.	124	-
.	.	192	-
.	.	605	626
